{"name":"a77f6c7d-ca7a-462f-b516-506c3af6d6a7","id":"/providers/Microsoft.Flow/flows/a77f6c7d-ca7a-462f-b516-506c3af6d6a7","type":"Microsoft.Flow/flows","properties":{"apiId":"/providers/Microsoft.PowerApps/apis/shared_logicflows","displayName":"VM Shutdown Postponement Email","definition":{"metadata":{"workflowEntityId":null,"creator":{"id":"2d3d42bc-9ac8-42b6-8372-7d63ec5a7ea0","type":"User","tenantId":"61bcbb99-3ff6-4694-bb18-6987d63eea45"},"provisioningMethod":"FromDefinition","failureAlertSubscription":true,"clientLastModifiedTime":"2019-04-11T09:14:43.6713456Z"},"$schema":"https://schema.management.azure.com/providers/Microsoft.Logic/schemas/2016-06-01/workflowdefinition.json#","contentVersion":"1.0.0.0","parameters":{"$connections":{"defaultValue":{},"type":"Object"},"$authentication":{"defaultValue":{},"type":"SecureObject"}},"triggers":{"manual":{"type":"Request","kind":"Http","inputs":{"schema":{"type":"object","properties":{"VMName":{"type":"string"},"ShutdownTime":{"type":"string"},"EmailAddress":{"type":"string"},"CurrentState":{"type":"string"},"ResourceGroupName":{"type":"string"}}},"method":"POST"}}},"actions":{"Send_email_with_options":{"runAfter":{"email":["Succeeded"],"CurrentState":["Succeeded"],"ShutdownTime":["Succeeded"]},"limit":{"timeout":"P0Y0M0DT0H60M0S"},"metadata":{"flowSystemMetadata":{"swaggerOperationId":"SendMailWithOptions"}},"type":"ApiConnectionWebhook","inputs":{"host":{"connection":{"name":"@parameters('$connections')['shared_office365_1']['connectionId']"},"api":{"runtimeUrl":"https://flow-apim-europe-001-westeurope-01.azure-apim.net/apim/office365"}},"body":{"NotificationUrl":"@{listCallbackUrl()}","Message":{"To":"@variables('email')","Subject":"SHUTDOWN NOTICE for @{variables('VMName')}","Options":"Please postpone this time,Please Shutdown as scheduled","Body":"Hi @{variables('email')}, your VM @{variables('VMName')} (@{variables('ResourceGroupName')}, State = @{variables('CurrentState')}) is going to shutdown at @{variables('ShutdownTime')}. You can postpone the shutdown by clicking the \"Please postpone this time\" action in this email. You can ignore this email if you'd like everything to continue as normal. If you have any queries please contact the Systems Team.","Importance":"High"}},"path":"/mailwithoptions/$subscriptions","authentication":"@parameters('$authentication')"}},"Condition":{"actions":{"HTTP":{"runAfter":{},"type":"Http","inputs":{"method":"POST","uri":"https://s2events.azure-automation.net/webhooks?token=KXKznUT9rJqIEJbOD%2f3C0Ajy1lapH%2bSD46aqUVxiTQQ%3d","body":{"email":"@{variables('email')}","VMName":"@{variables('VMName')}","ResourceGroupName":"@{variables('ResourceGroupName')}"}}}},"runAfter":{"Send_email_with_options":["Succeeded"]},"else":{"actions":{"Terminate":{"runAfter":{},"type":"Terminate","inputs":{"runStatus":"Cancelled"}}}},"expression":"@equals(body('Send_email_with_options')?['SelectedOption'], 'Please postpone this time')","type":"If"},"Response":{"runAfter":{},"type":"Response","kind":"Http","inputs":{"statusCode":200,"body":{"Response":"Attempting to email @{triggerBody()?['EmailAddress']}"}}},"email":{"runAfter":{"Response":["Succeeded"]},"type":"InitializeVariable","inputs":{"variables":[{"name":"email","type":"String","value":"@triggerBody()?['EmailAddress']"}]}},"VMName":{"runAfter":{"Response":["Succeeded"]},"type":"InitializeVariable","inputs":{"variables":[{"name":"VMName","type":"String","value":"@triggerBody()?['VMName']"}]}},"ResourceGroupName":{"runAfter":{"Response":["Succeeded"]},"type":"InitializeVariable","inputs":{"variables":[{"name":"ResourceGroupName","type":"String","value":"@triggerBody()?['ResourceGroupName']"}]}},"CurrentState":{"runAfter":{"VMName":["Succeeded"]},"type":"InitializeVariable","inputs":{"variables":[{"name":"CurrentState","type":"String","value":"@triggerBody()?['CurrentState']"}]}},"ShutdownTime":{"runAfter":{"ResourceGroupName":["Succeeded"]},"type":"InitializeVariable","inputs":{"variables":[{"name":"ShutdownTime","type":"String","value":"@triggerBody()?['ShutdownTime']"}]}}},"outputs":{}},"connectionReferences":{"shared_office365_1":{"connectionName":"shared-office365-b213da15-a9db-4a8b-9192-0481a267bf18","source":"Embedded","id":"/providers/Microsoft.PowerApps/apis/shared_office365","tier":"NotSpecified"}},"flowFailureAlertSubscribed":false}}