{"name":"ae88e078-93a6-48ff-af52-4becf04e0f66","id":"/providers/Microsoft.Flow/flows/ae88e078-93a6-48ff-af52-4becf04e0f66","type":"Microsoft.Flow/flows","properties":{"apiId":"/providers/Microsoft.PowerApps/apis/shared_logicflows","displayName":"Get VM Details - Slack","definition":{"metadata":{"workflowEntityId":null,"creator":{"id":"2d3d42bc-9ac8-42b6-8372-7d63ec5a7ea0","type":"User","tenantId":"61bcbb99-3ff6-4694-bb18-6987d63eea45"},"provisioningMethod":"FromDefinition","failureAlertSubscription":true,"clientLastModifiedTime":"2019-01-18T14:31:03.5060882Z"},"$schema":"https://schema.management.azure.com/providers/Microsoft.Logic/schemas/2016-06-01/workflowdefinition.json#","contentVersion":"1.0.0.0","parameters":{"$authentication":{"defaultValue":{},"type":"SecureObject"}},"triggers":{"manual":{"type":"Request","kind":"Http","inputs":{"schema":{"type":"object","properties":{"$content-type":{"type":"string"},"$content":{"type":"string"},"$formdata":{"type":"array","items":{"type":"object","properties":{"key":{"type":"string"},"value":{"type":"string"}},"required":["key","value"]}}}}}}},"actions":{"HTTP":{"runAfter":{"Response":["Succeeded"]},"type":"Http","inputs":{"method":"POST","uri":"https://s2events.azure-automation.net/webhooks?token=D90NZ2wh6H9IjWEE2BU1%2bCe3gqp8qgxejc6bbvpJrcA%3d","body":"@triggerBody()"}},"Response":{"runAfter":{},"type":"Response","kind":"Http","inputs":{"statusCode":200,"body":"Getting those details now.."}}},"outputs":{}},"connectionReferences":{},"flowFailureAlertSubscribed":false}}