{"name":"3815ad63-692f-4886-8547-a227aafb6630","id":"/providers/Microsoft.Flow/flows/3815ad63-692f-4886-8547-a227aafb6630","type":"Microsoft.Flow/flows","properties":{"apiId":"/providers/Microsoft.PowerApps/apis/shared_logicflows","displayName":"Slack Email Verify Trigger","definition":{"metadata":{"workflowEntityId":null,"creator":{"id":"2d3d42bc-9ac8-42b6-8372-7d63ec5a7ea0","type":"User","tenantId":"61bcbb99-3ff6-4694-bb18-6987d63eea45"},"provisioningMethod":"FromDefinition","failureAlertSubscription":true,"clientLastModifiedTime":"2019-01-28T14:17:18.3923488Z"},"$schema":"https://schema.management.azure.com/providers/Microsoft.Logic/schemas/2016-06-01/workflowdefinition.json#","contentVersion":"1.0.0.0","parameters":{"$connections":{"defaultValue":{},"type":"Object"},"$authentication":{"defaultValue":{},"type":"SecureObject"}},"triggers":{"manual":{"type":"Request","kind":"Http","inputs":{"schema":{"type":"object","properties":{"$content-type":{"type":"string"},"$content":{"type":"string"},"$formdata":{"type":"array","items":{"type":"object","properties":{"key":{"type":"string"},"value":{"type":"string"}},"required":["key","value"]}}}},"method":"POST"}}},"actions":{"Initialize_variable":{"runAfter":{"Response":["Succeeded"]},"type":"InitializeVariable","inputs":{"variables":[{"name":"email","type":"String","value":"@{triggerFormDataValue('text')}"}]}},"Initialize_variable_2":{"runAfter":{"Response":["Succeeded"]},"type":"InitializeVariable","inputs":{"variables":[{"name":"user_id","type":"String","value":"@{triggerFormDataValue('user_id')}"}]}},"Initialize_variable_3":{"runAfter":{"Response":["Succeeded"]},"type":"InitializeVariable","inputs":{"variables":[{"name":"user_name","type":"String","value":"@{triggerFormDataValue('user_name')}"}]}},"Send_email_with_options":{"runAfter":{"Initialize_variable":["Succeeded"],"Initialize_variable_2":["Succeeded"],"Initialize_variable_3":["Succeeded"]},"metadata":{"flowSystemMetadata":{"swaggerOperationId":"SendMailWithOptions"}},"type":"ApiConnectionWebhook","inputs":{"host":{"connection":{"name":"@parameters('$connections')['shared_office365_1']['connectionId']"},"api":{"runtimeUrl":"https://flow-apim-europe-001-westeurope-01.azure-apim.net/apim/office365"}},"body":{"NotificationUrl":"@{listCallbackUrl()}","Message":{"To":"@variables('email')","Subject":"Email Address Verification for Start My VM","Options":"Yes I initiated the command from Slack, Wasn't me!","Body":"Hi @{variables('email')}\nThis email is to confirm you initiated the action /VerifyMyVM in Slack and your user id is : @{variables('user_id')} , this will 'register' the VM(s) with the owner set as @{variables('email')} on any user VMs in our Azure tenant. \nIf you have any queries please contact the Systems Team.","Importance":"High"}},"path":"/mailwithoptions/$subscriptions","authentication":"@parameters('$authentication')"}},"Condition":{"actions":{"HTTP":{"runAfter":{},"type":"Http","inputs":{"method":"POST","uri":"https://s2events.azure-automation.net/webhooks?token=Sh4yZOS9tL46ti%2frcIBcuBvikr%2fs4r2A%2boGoI75BLEA%3d","body":{"email":"@{variables('email')}","user_id":"@{variables('user_id')}"}}}},"runAfter":{"Send_email_with_options":["Succeeded"]},"else":{"actions":{"Terminate":{"runAfter":{"Send_an_email":["Succeeded"]},"type":"Terminate","inputs":{"runStatus":"Cancelled"}},"Send_an_email":{"runAfter":{},"metadata":{"flowSystemMetadata":{"swaggerOperationId":"SendEmail"}},"type":"ApiConnection","inputs":{"host":{"connection":{"name":"@parameters('$connections')['shared_office365_1']['connectionId']"},"api":{"runtimeUrl":"https://flow-apim-europe-001-westeurope-01.azure-apim.net/apim/office365"}},"method":"post","body":{"To":"systemsteam@squaredup.com","Subject":"[Warning] Slack user VM registration Issues","Body":"Hi Team,\nLooks like @{variables('email')} cancelled a slack VM registration request, there could be something wrong, might be worth checking out.\nSlack initiator details ;\nUser Name: @{variables('user_name')}\nUser ID: @{variables('user_id')}\n\nRegards,\nSystems Team"},"path":"/Mail","authentication":"@parameters('$authentication')"}}}},"expression":"@equals(body('Send_email_with_options')?['SelectedOption'], 'Yes I initiated the command from Slack')","type":"If"},"Response":{"runAfter":{},"type":"Response","kind":"Http","inputs":{"statusCode":200,"body":{"response_type":"ephemeral","username":"Start My VM","text":"Verification email on its way..."}}}},"outputs":{}},"connectionReferences":{"shared_office365_1":{"connectionName":"shared-office365-b213da15-a9db-4a8b-9192-0481a267bf18","source":"Embedded","id":"/providers/Microsoft.PowerApps/apis/shared_office365","tier":"NotSpecified"}},"flowFailureAlertSubscribed":false}}