{"name":"54fb489e-1e27-46a0-ad3f-60256aa055d9","id":"/providers/Microsoft.Flow/flows/54fb489e-1e27-46a0-ad3f-60256aa055d9","type":"Microsoft.Flow/flows","properties":{"apiId":"/providers/Microsoft.PowerApps/apis/shared_logicflows","displayName":"Automate My VM - Slack","definition":{"metadata":{"workflowEntityId":null,"creator":{"id":"2d3d42bc-9ac8-42b6-8372-7d63ec5a7ea0","type":"User","tenantId":"61bcbb99-3ff6-4694-bb18-6987d63eea45"},"provisioningMethod":"FromDefinition","failureAlertSubscription":true,"clientLastModifiedTime":"2019-01-25T13:56:33.1808936Z"},"$schema":"https://schema.management.azure.com/providers/Microsoft.Logic/schemas/2016-06-01/workflowdefinition.json#","contentVersion":"1.0.0.0","parameters":{"$authentication":{"defaultValue":{},"type":"SecureObject"}},"triggers":{"manual":{"type":"Request","kind":"Http","inputs":{"schema":{"type":"object","properties":{"WebhookName":{"type":"string"},"RequestBody":{"type":"string"},"RequestHeader":{"type":"object","properties":{"Connection":{"type":"string"},"Accept-Encoding":{"type":"string"},"Accept-Language":{"type":"string"},"Host":{"type":"string"},"User-Agent":{"type":"string"},"x-ms-execution-location":{"type":"string"},"x-ms-workflow-id":{"type":"string"},"x-ms-workflow-version":{"type":"string"},"x-ms-workflow-name":{"type":"string"},"x-ms-workflow-system-id":{"type":"string"},"x-ms-workflow-run-id":{"type":"string"},"x-ms-workflow-run-tracking-id":{"type":"string"},"x-ms-workflow-operation-name":{"type":"string"},"x-ms-workflow-subscription-id":{"type":"string"},"x-ms-workflow-resourcegroup-name":{"type":"string"},"x-ms-tracking-id":{"type":"string"},"x-ms-correlation-id":{"type":"string"},"x-ms-client-request-id":{"type":"string"},"x-ms-client-tracking-id":{"type":"string"},"x-ms-action-tracking-id":{"type":"string"},"x-ms-activity-vector":{"type":"string"}}}}},"method":"POST"}}},"actions":{"HTTP":{"runAfter":{"Response":["Succeeded"]},"type":"Http","inputs":{"method":"POST","uri":"https://s2events.azure-automation.net/webhooks?token=Q8r%2f%2bXFRruou46J1qNBNklC%2fMObRamjZpmTAKhK0Tdo%3d","body":{"SubscriptionID":"ffd616d2-3b41-480e-8619-6974241d43ac","RequestBody":"@{triggerBody()}"}}},"Response":{"runAfter":{},"type":"Response","kind":"Http","inputs":{"statusCode":200,"body":{"response_type":"ephemeral","text":"Updating the config now."}}}},"outputs":{}},"connectionReferences":{},"flowFailureAlertSubscribed":false}}